frame_nmr,car_id,car_bbox,license_plate_bbox,license_plate_bbox_score,license_number,license_number_score
1,1.0,[2174.2708221290586 1162.8606126897416 2782.647627147825 1735.496420345226],[2430.137451171875 1566.021240234375 2578.9677734375 1625.5528564453125],0.8911144137382507,NV51VSU,0.1959156140621556
4,1.0,[2175.3003543934033 1174.9062087852276 2787.6253736459325 1752.105811065528],[2431.770263671875 1589.1513671875 2575.488525390625 1643.0167236328125],0.8426898121833801,HU51NSU,0.1409922009862606
5,1.0,[2175.5211627878716 1178.7959813830744 2786.8660820851037 1755.13501183457],[2430.2890625 1590.6214599609375 2581.94384765625 1650.76220703125],0.40624576807022095,HL51YSU,0.20671221830521114
9,1.0,[2182.984201269073 1199.7632375038713 2807.395887050681 1788.5518163441486],[2436.78173828125 1612.06494140625 2587.1083984375 1672.2894287109375],0.8971981406211853,ML51VSU,0.6720713783164494
11,1.0,[2184.58650731194 1210.0348608645077 2813.8884466378718 1802.5396497281658],[2438.430419921875 1633.04345703125 2586.203857421875 1682.291015625],0.32520246505737305,ML51VSU,0.49078836387410457
17,1.0,[2184.873961564331 1222.1078194554036 2828.7142148098847 1835.153087344793],[2445.84814453125 1663.062744140625 2596.409423828125 1719.2816162109375],0.9239941835403442,ML51VSU,0.4880858541257107
19,1.0,[2179.392039777636 1235.11177966988 2824.851172302319 1850.1510783102117],[2448.128173828125 1682.1749267578125 2601.06298828125 1731.3900146484375],0.8563605546951294,MD51YSU,0.08635691653127162
20,1.0,[2181.3277757514784 1237.8321916371608 2833.205541884546 1856.266681277163],[2450.694580078125 1687.902587890625 2602.53271484375 1741.450927734375],0.9266977310180664,MT51VSU,0.10806331768010356
24,1.0,[2183.7513685422045 1262.5047965425315 2852.815191349894 1892.6807857264362],[2456.20703125 1715.517578125 2610.17919921875 1767.9501953125],0.9346446990966797,MT51VSU,0.4218353333042391
26,1.0,[2184.452068722211 1266.3302651967053 2859.788189063959 1905.423484224081],[2458.751708984375 1728.2288818359375 2613.430419921875 1779.078125],0.51820307970047,MZ51VSU,0.07656752009149248
28,1.0,[2186.4683541599043 1276.8965699635364 2868.5232774784527 1921.4351192596646],[2461.906494140625 1738.411376953125 2615.799072265625 1793.9937744140625],0.8479456305503845,CD51VSV,0.06662395927689176
29,1.0,[2186.889003067762 1282.6526554260165 2872.5688803439107 1927.2915715020697],[2463.561279296875 1748.604736328125 2618.069091796875 1798.519775390625],0.8262993693351746,HO51VSU,0.08854507400334767
32,1.0,[2188.292646288288 1299.1937600395693 2881.6115803686807 1950.6670500354337],[2472.15087890625 1767.966552734375 2628.988525390625 1820.474853515625],0.9074062705039978,CT51VSU,0.06080716043967316
33,1.0,[2188.2228222135723 1303.5952777356056 2885.705508150729 1958.8928222676],[2471.7705078125 1776.492431640625 2631.0732421875 1831.6395263671875],0.9104057550430298,ST51YSU,0.1144069052176123
56,1.0,[2212.142343327511 1445.4489269275114 2953.3540843978567 2151.453477993075],[2514.79150390625 1953.9296875 2683.8359375 2009.26171875],0.9311257600784302,IT51VSU,0.05378142071444731
57,1.0,[2212.477725276451 1448.1407937644835 2960.8566321065896 2155.152651072671],[2517.8193359375 1965.004150390625 2687.326904296875 2017.10595703125],0.2927614152431488,HT51VSU,0.22834273915313213
58,1.0,[2211.148273732382 1450.255046178534 2966.118073514961 2155.9699665312387],[2516.119873046875 1968.72119140625 2689.591552734375 2025.9166259765625],0.9271228909492493,MO51VSU,0.1540545602615388
64,1.0,[2209.705115639259 1484.7568467000722 2972.3303428558684 2163.4107163274243],[2534.59765625 2020.3026123046875 2708.3564453125 2077.973876953125],0.9361024498939514,LT51VSU,0.13405763351623262
68,1.0,[2219.924727737251 1505.776840045634 2980.8132611676633 2163.4079985337235],[2535.887451171875 2056.92236328125 2721.23095703125 2113.6875],0.32916709780693054,MU51VSU,0.531448811315471
70,1.0,[2230.4034507049255 1522.6563126205233 2998.9119447044877 2163.572184161809],[2549.9423828125 2070.9677734375 2728.55224609375 2131.0625],0.9281290173530579,MT51VSU,0.4637550440751554
75,4.0,[1032.5882482497782 1277.4820358786692 1696.0002906369004 1779.1060344377224],[1294.25634765625 1609.0513916015625 1433.0736083984375 1659.079833984375],0.2590484619140625,GY15OGJ,0.4907715712152858
85,4.0,[993.44226534163 1324.007342086562 1689.0816461258582 1850.0936027991343],[1269.4161376953125 1667.2529296875 1428.2108154296875 1721.291015625],0.28369900584220886,GX15OGJ,0.33891722487396003
90,4.0,[981.0137094960736 1346.741447998475 1686.9284472122517 1887.143819234423],[1263.1072998046875 1704.34130859375 1407.4000244140625 1756.840087890625],0.5254929661750793,GX15OGJ,0.29432474275062154
95,4.0,[965.817235922369 1372.3243935540072 1682.5795982519621 1923.9495283771903],[1245.321044921875 1737.00537109375 1392.9066162109375 1794.792724609375],0.7358789443969727,GX15OGJ,0.2572687365589454
96,4.0,[961.7398722594071 1379.4878662350218 1682.0351973941747 1932.738670894528],[1243.6265869140625 1747.682373046875 1390.116455078125 1799.176025390625],0.6834415197372437,GX15OGJ,0.4706388057860289
97,4.0,[959.294542420233 1383.3944793794333 1682.1422643840833 1938.4274105432935],[1242.359130859375 1750.884521484375 1395.91796875 1803.42626953125],0.551586925983429,GX15OGJ,0.6197668318787443
98,4.0,[956.7168659952229 1390.5782759025187 1681.301484366844 1946.1831407963818],[1239.2392578125 1760.2034912109375 1399.6962890625 1813.4608154296875],0.7495085597038269,GX15OCJ,0.23660030309251454
101,4.0,[946.418152370817 1410.8246362507643 1679.4907078385304 1970.8821903333787],[1230.945068359375 1780.1015625 1386.60400390625 1838.3587646484375],0.4918091595172882,GX15OCJ,0.225360784461714
102,4.0,[941.9041386773606 1415.6118307341558 1676.7929718284877 1978.8918608597119],[1221.77734375 1786.22314453125 1390.444580078125 1844.654052734375],0.2997871935367584,GY15OCJ,0.2567851973124388
103,4.0,[939.4945999486597 1419.2904906500657 1676.3067608968552 1985.962994228723],[1222.193603515625 1794.304931640625 1379.3570556640625 1847.0703125],0.8502055406570435,GX15OCJ,0.6892650478080642
104,4.0,[936.9205978715318 1424.0495383381315 1675.1497530131683 1995.7582352140355],[1224.63525390625 1803.20654296875 1380.4404296875 1858.704833984375],0.35939159989356995,GI15OGJ,0.09554915925393108
105,4.0,[933.6895965038427 1434.2736130115215 1673.7937011465267 2006.0903004709537],[1224.8333740234375 1813.552490234375 1380.80078125 1864.0185546875],0.7894607782363892,GX15OCJ,0.5003515215290657
107,4.0,[927.6426913308289 1444.6492702962644 1671.3329397526397 2017.6032508043093],[1214.86376953125 1826.614990234375 1373.70654296875 1880.94921875],0.7607423067092896,GX15OGJ,0.20323151572329795
109,4.0,[916.9970448478973 1460.2592780009377 1667.5617429276433 2032.8841625414352],[1205.188720703125 1840.144775390625 1363.9027099609375 1897.153564453125],0.42382314801216125,GX15OGJ,0.18715272959098553
111,4.0,[907.5804772246242 1477.1547797816438 1664.819843635647 2050.7991345065175],[1196.7197265625 1862.053955078125 1362.177490234375 1914.2041015625],0.8075829744338989,GY15OGJ,0.6084869123263805
114,4.0,[894.8924784762753 1498.5998340427814 1660.195361292117 2079.980592250463],[1195.179443359375 1884.7965087890625 1350.92333984375 1942.006103515625],0.7541749477386475,GX15OGJ,0.5744065676847422
115,4.0,[892.2248717100504 1504.0149776807616 1659.0838093615505 2089.7729870251073],[1191.2139892578125 1889.816162109375 1349.65966796875 1946.3470458984375],0.8444708585739136,GX15OGJ,0.5596184617997946
120,4.0,[872.2148761270932 1538.9987068517225 1651.015946103671 2132.9072917657],[1171.7449951171875 1934.94775390625 1340.9212646484375 1993.6893310546875],0.47313040494918823,GY15OCJ,0.15018101259706218
121,4.0,[866.5395901274003 1545.24321263564 1648.78642407971 2140.60617747961],[1173.586181640625 1940.5704345703125 1342.101318359375 1996.9661865234375],0.6036023497581482,GY15OCJ,0.47318055188748337
124,4.0,[853.2392459076989 1567.2246819751535 1645.1865191145037 2159.277839739272],[1159.6531982421875 1967.506103515625 1324.4666748046875 2028.14013671875],0.28259220719337463,GY15UCJ,0.24061819493660053
125,4.0,[848.2333587748307 1573.3357218907004 1642.1907263880935 2162.4848637659197],[1151.835205078125 1976.8267822265625 1319.175537109375 2037.712158203125],0.6440622210502625,GY15OGJ,0.6105078025017063
125,15.0,[2234.8685116511015 1594.389934834956 2965.6897196105137 2142.5687896184627],[2519.86279296875 1963.962646484375 2720.7958984375 2035.1806640625],0.625060498714447,LM13VCV,0.24342156718145536
126,4.0,[843.9765626502247 1580.6913531879939 1640.4852586692361 2165.1218522473314],[1149.2720947265625 1988.4635009765625 1322.15478515625 2050.01416015625],0.45250096917152405,GY15OGJ,0.22952787041415174
127,15.0,[2236.2201639072373 1606.469775904169 2971.471781693999 2151.639887246543],[2526.32373046875 1973.0899658203125 2712.807373046875 2047.7509765625],0.5004135370254517,LM13VCV,0.25322236083448824
129,15.0,[2237.487353859247 1618.69853097753 2975.3402363544806 2157.435690667472],[2534.074951171875 2004.973876953125 2715.7177734375 2064.3818359375],0.6666975021362305,LM13VCV,0.2659453530079899
130,15.0,[2238.789475564919 1622.8875992479266 2976.727061533488 2157.3292820501597],[2533.71240234375 2008.086181640625 2722.085693359375 2069.828125],0.7404405474662781,LM13VCV,0.3960996781682818
130,9.0,[1116.2069582919376 1099.5014542191602 1618.1732817108832 1531.6648096688236],[1288.6353759765625 1368.912353515625 1423.787841796875 1419.815673828125],0.4639437198638916,YH05ZZK,0.3135869567320926
133,15.0,[2241.825672172242 1645.0932599068708 2985.476197752404 2166.1988832801017],[2531.0751953125 2032.697021484375 2732.461181640625 2100.494384765625],0.6644865274429321,LM13VCV,0.2352857266760824
133,9.0,[1107.6901054551145 1108.0360134470197 1616.4810358120585 1544.5181845393727],[1285.23388671875 1382.5916748046875 1418.7490234375 1430.5888671875],0.5939639806747437,KH05ZZK,0.7532209075739684
135,15.0,[2243.3937696088797 1660.6241685018956 2995.017883761351 2170.294133458977],[2537.181640625 2058.40576171875 2731.443359375 2121.1513671875],0.9007659554481506,LM13VCV,0.2015962689934616
136,15.0,[2244.552913276373 1665.9423169579984 2999.54693485235 2170.23074763714],[2536.647216796875 2060.8193359375 2732.32421875 2127.01416015625],0.8847180604934692,LM13VCV,0.3451514588676661
137,15.0,[2244.658784605552 1673.115873081229 3004.4923807037403 2170.842286714104],[2541.546142578125 2075.892822265625 2733.59521484375 2136.6083984375],0.5096065998077393,LH13VCV,0.5070396651193043
138,15.0,[2244.958099028264 1680.603543820415 3008.755070841772 2170.9972076122735],[2531.697021484375 2082.242431640625 2744.212890625 2150.461669921875],0.596845805644989,LM13VCV,0.5224726684707403
139,9.0,[1083.272079323899 1124.3642955271785 1611.252448484368 1566.564265775035],[1265.915283203125 1404.8212890625 1407.9140625 1455.182373046875],0.8261640667915344,KH05ZZK,0.24890657426008522
140,9.0,[1079.5141191778725 1125.7120842514994 1606.6914099651972 1569.0823036772092],[1268.747802734375 1407.9403076171875 1407.6529541015625 1457.7342529296875],0.8324272036552429,KH05ZZK,0.8371691175297236
144,3.0,[2034.476031659291 1249.852735011937 2647.9179607022015 1741.1191881509158],[2278.52978515625 1571.7403564453125 2448.46728515625 1625.590576171875],0.33670955896377563,AP05JEO,0.1726558588754157
145,3.0,[2034.1093709154125 1252.3323789830079 2648.803065332159 1745.1769900446857],[2280.896484375 1575.25 2450.4677734375 1626.15869140625],0.5204135179519653,AP05JEO,0.20359029804837442
147,3.0,[2037.8989348527962 1264.216541967774 2658.2683515030617 1760.455510992469],[2279.244873046875 1587.169677734375 2457.306640625 1641.978271484375],0.6941801905632019,AP05JED,0.1883084662014524
148,9.0,[1065.2690213501671 1159.573368721483 1590.9678779465587 1610.8959927151373],[1244.44775390625 1442.383544921875 1390.319580078125 1492.7633056640625],0.4587879478931427,KK05ZZK,0.2613626537894543
148,3.0,[2037.925254433005 1267.3579176502749 2659.371829110228 1764.4732141793515],[2279.044921875 1590.26708984375 2460.951904296875 1645.76318359375],0.45009854435920715,AP05JEO,0.21024246498866872
149,3.0,[2042.9859953607406 1272.3573278692397 2664.896264464129 1771.4128860814276],[2283.4951171875 1596.3870849609375 2458.331298828125 1651.578369140625],0.4818512499332428,AP05JEO,0.505599598409897
150,3.0,[2039.9879642345159 1277.2726409826525 2663.661708117099 1778.828358683924],[2287.6044921875 1601.85107421875 2463.550537109375 1656.051513671875],0.802898645401001,AP05JEO,0.27072077370445446
153,9.0,[1050.549274043842 1177.0754159869205 1582.0712610068983 1635.107143657446],[1237.204345703125 1466.337890625 1384.219970703125 1516.839599609375],0.8965414762496948,KH05ZZK,0.28538483948462573
154,3.0,[2038.6323303342479 1287.9986127628104 2672.2527437111758 1798.8536450969023],[2287.294677734375 1621.5054931640625 2472.015869140625 1676.20703125],0.7676980495452881,AP05JEO,0.35762366652619004
155,9.0,[1042.6495802448217 1180.074628442993 1578.3127881733471 1643.4281192632443],[1235.601806640625 1474.192626953125 1380.871337890625 1525.2872314453125],0.7666845321655273,KH05ZZK,0.3661410302444673
155,3.0,[2039.7900287238608 1292.0397979625445 2676.2748926865997 1803.2234991370392],[2283.8720703125 1627.6292724609375 2473.244384765625 1679.65869140625],0.257971853017807,AP05JEO,0.5315880949150462
156,3.0,[2040.7280193114211 1297.1848906142823 2679.89634803036 1809.4700251334093],[2283.126220703125 1633.218017578125 2477.67529296875 1689.3292236328125],0.795479416847229,AP05JEO,0.6583555113762275
156,9.0,[1041.6194059880945 1183.4646743401888 1577.516136436931 1648.9770712127572],[1233.606689453125 1477.59375 1378.870361328125 1529.1044921875],0.5553696155548096,KH05ZZK,0.14083433337821777
157,3.0,[2041.4907538303341 1300.5858722128492 2683.1792724188062 1814.9712671296334],[2287.091064453125 1634.99609375 2482.33935546875 1692.600830078125],0.7658819556236267,AP05JEO,0.3349916554097552
158,9.0,[1036.2462462738154 1188.7083758258761 1574.0855382567383 1657.496525938406],[1227.488037109375 1489.197509765625 1376.6575927734375 1539.33544921875],0.5710175633430481,KH05ZZK,0.7000709454565726
158,3.0,[2042.4106114798349 1305.2262147658048 2686.158538335786 1821.8200904363848],[2296.60791015625 1643.90771484375 2475.253173828125 1699.6842041015625],0.35984310507774353,AP05JEO,0.7750365126680353
159,9.0,[1035.7963235855302 1193.0767161214808 1574.3788796012698 1662.6140038084704],[1224.2237548828125 1493.169921875 1374.207763671875 1544.91259765625],0.8280876278877258,KH05ZZK,0.2971594938740256
159,3.0,[2042.8298181554264 1309.5997282512508 2687.9014806001305 1828.9038353890378],[2298.82568359375 1648.2059326171875 2472.911376953125 1704.268798828125],0.40056467056274414,AP05JEO,0.32000981662986233
160,9.0,[1035.80007388936 1194.4479981078327 1574.1259641746185 1665.607593106123],[1223.3616943359375 1495.155517578125 1372.296142578125 1547.00927734375],0.8796159625053406,KH05ZIK,0.10259565488146107
160,3.0,[2041.79515497069 1312.2126599406097 2687.6504962723534 1834.5844708629952],[2296.931884765625 1653.2501220703125 2472.623046875 1708.77001953125],0.6766341328620911,AP05JEO,0.4249784624315217
162,9.0,[1030.8789576757324 1206.8238117862452 1571.1039924839558 1680.3367744879856],[1223.1173095703125 1506.2647705078125 1369.46435546875 1554.95556640625],0.9077082872390747,KH05ZTK,0.7420375830307745
162,3.0,[2042.0067980890226 1322.1434181144334 2693.187749069937 1850.5978262852893],[2294.482177734375 1669.958251953125 2485.637451171875 1723.626220703125],0.7120102643966675,AP05JEO,0.46992270461802227
163,9.0,[1028.9713916192572 1210.7059636358515 1570.114856316247 1683.9897695120346],[1220.7860107421875 1506.992431640625 1367.6151123046875 1556.93505859375],0.9131957292556763,KH05ZTK,0.635303519561556
164,3.0,[2042.4208771863605 1329.1717476179795 2693.4041041042447 1863.0823335500734],[2300.74951171875 1682.1031494140625 2495.59521484375 1736.4462890625],0.4158637821674347,AP05JEO,0.36628247344025283
165,9.0,[1025.5771018367536 1219.1927620719907 1568.5187010954332 1695.2804992770612],[1219.9932861328125 1520.166015625 1362.8004150390625 1570.5120849609375],0.8979993462562561,KH05ZZK,0.7600182895145373
165,3.0,[2044.5655819648778 1334.9770861536808 2694.3191750632063 1870.8522531950239],[2297.39990234375 1686.2413330078125 2488.56640625 1741.8642578125],0.6988732218742371,AP05JEO,0.23639195792665385
166,3.0,[2044.3578359024953 1339.330215753072 2692.6852944243883 1876.1052331897608],[2309.568603515625 1690.2550048828125 2490.497314453125 1749.126708984375],0.47470635175704956,AP05JEO,0.2848316876204934
167,3.0,[2051.2053183259654 1346.25794015438 2701.6455697795186 1884.4503878937478],[2305.9619140625 1697.7513427734375 2487.328369140625 1753.464111328125],0.4947332441806793,AP05JEO,0.592111556127854
172,3.0,[2053.8992020728583 1375.9233084101509 2724.86659110611 1917.668044563811],[2307.00537109375 1729.104248046875 2505.6015625 1785.7283935546875],0.5391764640808105,AP05JEO,0.4092848101524739
174,3.0,[2054.880987909587 1387.5776676757978 2731.816075290156 1935.5627289053032],[2319.7587890625 1739.7109375 2502.88720703125 1799.969970703125],0.2507181763648987,AP05JEO,0.0956118137282145
175,3.0,[2056.069309224286 1391.7602379752375 2734.5608461045945 1941.8269777341052],[2321.756591796875 1745.55908203125 2508.97802734375 1803.5146484375],0.5109261870384216,AF05JEU,0.14240645625241952
176,3.0,[2057.429897360246 1396.6704578009078 2740.3310447677436 1948.7913076786028],[2319.4521484375 1756.3070068359375 2520.702392578125 1814.59033203125],0.26620206236839294,AP05JEO,0.29246298233333645
177,3.0,[2057.273659680024 1400.9546286754965 2742.468040141799 1955.4601938219569],[2330.01171875 1764.58837890625 2516.298828125 1819.73193359375],0.9070605039596558,AP05JEO,0.5009025131372977
178,9.0,[998.3313364984466 1277.7597468628478 1560.5522365317847 1762.942290620253],[1190.869140625 1582.887939453125 1350.831787109375 1636.391357421875],0.8912125825881958,KH05ZZK,0.22824409058036987
178,3.0,[2057.226936478321 1404.357862138859 2744.6932299169225 1960.1822126870309],[2331.029541015625 1768.900634765625 2520.388671875 1823.2540283203125],0.815239429473877,AP05JEO,0.14776257087896932
179,9.0,[993.1056540880954 1282.2275797242694 1559.3345796837166 1768.4977245310163],[1189.47265625 1590.7042236328125 1344.554443359375 1643.148193359375],0.9217305779457092,KH05ZZK,0.47469514701191995
179,3.0,[2058.8129936130736 1411.0809968489825 2747.135979888574 1967.7250948809178],[2326.20068359375 1777.1033935546875 2531.04541015625 1834.1781005859375],0.8715617060661316,AP05JED,0.3155724186413201
180,3.0,[2059.6015365521753 1418.1515356830623 2747.0279658187574 1976.4862035563156],[2329.791015625 1785.1256103515625 2521.5810546875 1845.74609375],0.6138350367546082,AP05JED,0.3499438500565536
181,3.0,[2058.9553444694343 1424.5331837642495 2743.9100695911634 1984.018334828808],[2334.85791015625 1791.3548583984375 2525.134765625 1847.6064453125],0.9004356265068054,AP05JED,0.33958768598294065
182,9.0,[984.5747036449466 1294.3750055113715 1558.280910800966 1788.8554409807234],[1183.1456298828125 1606.488037109375 1341.1566162109375 1659.09130859375],0.9262050986289978,RH05ZZK,0.4318575390248156
182,3.0,[2064.0386771544286 1430.2421169173715 2753.752697931575 1990.8251255656176],[2331.2509765625 1797.2991943359375 2516.159912109375 1852.710693359375],0.8932600021362305,AP05JED,0.23358341740913283
183,9.0,[980.6412257236743 1298.8475514093423 1555.6018138979653 1794.9593775910491],[1180.662109375 1615.5003662109375 1337.975830078125 1666.9017333984375],0.9223567843437195,KH05ZZK,0.869014780558263
183,3.0,[2066.097354022007 1436.6365225494258 2760.6578469918236 1998.665437993395],[2331.6923828125 1805.608154296875 2532.971435546875 1863.9541015625],0.332760214805603,AP05JED,0.2811155972624627
184,3.0,[2066.4715108488913 1440.438165322245 2765.0355133538765 2004.2669736754492],[2332.173828125 1808.79150390625 2536.83447265625 1867.4564208984375],0.8346478939056396,AP05JED,0.4998779295710575
185,9.0,[973.5294537993393 1307.4054211126077 1552.8555657366312 1805.5419463463927],[1177.4422607421875 1623.921142578125 1336.8812255859375 1676.3448486328125],0.9070847034454346,RH05ZZK,0.48669935458858204
186,9.0,[971.7637818370945 1312.4646001451697 1552.7653789054852 1812.8328824754585],[1171.5179443359375 1627.759521484375 1333.935546875 1684.552001953125],0.8663426637649536,RH05ZZK,0.5831978871854905
186,3.0,[2069.8157627257156 1455.7802231870412 2774.722965092394 2023.0973731264964],[2331.17626953125 1824.9840087890625 2538.8115234375 1884.908203125],0.6217331886291504,AP05JEO,0.34645141976821275
187,3.0,[2070.745772954588 1461.8683667589096 2778.3327532908484 2030.0012194538033],[2342.52099609375 1830.579345703125 2536.151123046875 1892.58740234375],0.6794003844261169,AP05JEO,0.655015559218861
188,3.0,[2072.2643316981334 1468.6833317495266 2782.5646043212278 2038.3706895876803],[2347.140625 1838.421630859375 2544.1357421875 1897.239013671875],0.7862504124641418,AP05JEO,0.2660637509080323
189,9.0,[961.027868966249 1328.9117751587303 1547.4075435543991 1833.8508182941334],[1165.3251953125 1649.8154296875 1329.5587158203125 1701.58349609375],0.864465594291687,KH05ZZK,0.5071465091470496
189,3.0,[2072.7493973259384 1474.5323558968512 2787.5430986466386 2047.18141227967],[2346.4775390625 1847.9967041015625 2550.21044921875 1905.963134765625],0.7623530030250549,AP05JEO,0.5284441526592859
190,9.0,[959.6349991756083 1333.7440599360502 1547.890355988759 1839.6566691191015],[1164.871826171875 1650.449462890625 1327.443359375 1706.6920166015625],0.9249435663223267,KH05ZZK,0.7264559017865058
190,3.0,[2074.0645046583236 1478.927496855285 2791.3063955166676 2053.474761152996],[2341.664306640625 1853.5528564453125 2559.58251953125 1914.3828125],0.44436222314834595,AP05JEO,0.3731233385745571
191,3.0,[2075.684002788386 1483.5448659484687 2796.7668430154613 2060.455967091163],[2345.25341796875 1860.12890625 2550.908935546875 1918.7135009765625],0.8196081519126892,AP05JEO,0.3302029474621157
192,9.0,[949.2973747428957 1345.567950026897 1543.6203791058094 1851.7910799107408],[1157.8912353515625 1669.489501953125 1319.1484375 1720.705810546875],0.9058868288993835,KH05ZZK,0.31196693747364374
192,3.0,[2077.720899478318 1489.7883553595236 2801.6696430135185 2069.3585648772173],[2350.92724609375 1872.363525390625 2564.04638671875 1930.5032958984375],0.7479308843612671,AP05JEO,0.37267239068842906
193,3.0,[2078.100590453981 1493.5131072280624 2804.243904414528 2075.636243099958],[2355.390625 1874.422119140625 2570.184326171875 1937.705078125],0.7854781150817871,AP05JEO,0.6346372668894574
194,9.0,[938.5894742455446 1355.0692781480525 1541.8569782536827 1864.2203495468193],[1147.085693359375 1680.0106201171875 1316.5367431640625 1735.0748291015625],0.9289721250534058,KH05ZZK,0.42840758898494885
194,3.0,[2078.745957597599 1499.7763764441775 2808.144093881274 2084.498848562588],[2360.90234375 1882.832275390625 2565.933837890625 1944.7664794921875],0.8738162517547607,AP05JEO,0.3213363993428833
195,3.0,[2080.4598491816264 1506.77944763254 2812.521888047399 2094.3846679253784],[2359.743408203125 1892.634521484375 2566.103515625 1953.5709228515625],0.8771957159042358,AP05JEO,0.3503050594086812
196,3.0,[2081.076020217614 1511.599789946779 2816.1707536758336 2101.4652344681044],[2358.4384765625 1896.443603515625 2574.00634765625 1959.3629150390625],0.8212581276893616,AP05JEO,0.2572481127549385
197,9.0,[935.8685450284644 1371.2516986973433 1538.9257563844635 1886.1678477763062],[1142.92041015625 1698.6925048828125 1305.8831787109375 1751.823486328125],0.936030924320221,KH05ZIK,0.6362531972198747
198,9.0,[934.8290212885681 1376.6128463822988 1541.1616261899126 1893.0311922879919],[1139.039306640625 1706.2841796875 1303.6424560546875 1761.3035888671875],0.9280148148536682,KH05ZIK,0.32753313882950646
198,3.0,[2082.651021251022 1523.9467210200862 2823.7375320854835 2119.044180637271],[2360.79443359375 1916.900146484375 2579.2802734375 1976.9599609375],0.6739947199821472,AP05JEO,0.2838336676572067
199,9.0,[931.8054272210743 1379.70962610346 1538.7990916272233 1897.0395730224689],[1135.8856201171875 1709.812744140625 1299.323486328125 1763.990478515625],0.9232800006866455,KH05ZTK,0.4671157799845973
199,3.0,[2082.5867980605835 1530.3319163154179 2825.683569344992 2126.9415285856307],[2360.70458984375 1921.1898193359375 2573.4375 1985.1566162109375],0.8251901865005493,AP05JEQ,0.2503611086892394
200,9.0,[929.0065146949962 1385.814775501121 1536.361030164582 1904.9674025194945],[1132.1552734375 1718.6077880859375 1295.988037109375 1771.83642578125],0.9346189498901367,KA05ZZK,0.2918144607481818
200,3.0,[2084.6976859948827 1537.5592353576442 2831.0576044579684 2136.1614831503875],[2375.951171875 1932.43896484375 2582.502685546875 1993.63671875],0.5544823408126831,AP05JEO,0.32177042556003066
201,9.0,[926.5970111602132 1392.0956923714427 1536.787491935905 1913.2885815727325],[1126.809326171875 1722.6771240234375 1294.3577880859375 1779.81689453125],0.6389405727386475,KA05ZZK,0.13790867717337624
202,9.0,[920.7245645435906 1397.2452783855185 1532.8759111978434 1919.4792790263593],[1122.8583984375 1729.2548828125 1292.815673828125 1785.54248046875],0.9042942523956299,KN05ZZK,0.5671240689839026
203,9.0,[915.8259433428586 1403.5402650976534 1533.6121691479914 1927.4972792118115],[1119.0523681640625 1738.059814453125 1289.85888671875 1792.4388427734375],0.8560648560523987,RH05ZZK,0.5620966294047337
203,3.0,[2092.0007928374444 1558.191804832878 2844.1437324866365 2158.8243110097746],[2377.2978515625 1954.44775390625 2593.60107421875 2015.682861328125],0.3902286887168884,AP05JEO,0.3380158020381875
204,9.0,[911.8712915802486 1409.0393652535167 1539.5033297747095 1935.3970776132887],[1114.84521484375 1743.444091796875 1287.3955078125 1797.6016845703125],0.9255316853523254,KH05ZZK,0.42932318151685656
205,9.0,[907.0317821900014 1412.5114213658162 1545.4689950056038 1940.671992510745],[1114.56689453125 1747.6226806640625 1284.9725341796875 1803.0076904296875],0.9198470711708069,KK05ZZK,0.6299231260133457
206,3.0,[2094.860365530381 1574.238827947172 2853.2974702050474 2165.1229061666513],[2389.82470703125 1978.27001953125 2604.6328125 2042.076904296875],0.8182346820831299,AP05JEO,0.3287676619849247
207,9.0,[886.7149888489043 1423.9344690876665 1539.2391844611961 1956.5563010861051],[1104.0802001953125 1763.3551025390625 1275.5064697265625 1820.09326171875],0.9302129149436951,KH05ZZK,0.3169835954542511
207,3.0,[2097.3312069907606 1580.2983239236823 2858.132174115969 2167.442336201954],[2388.54833984375 1989.917236328125 2611.655517578125 2052.582763671875],0.6863806843757629,AP05JEQ,0.21624520503516784
208,9.0,[884.3788987507716 1428.5278974212606 1538.5400350865584 1963.3726178981256],[1100.3995361328125 1765.116455078125 1273.523681640625 1822.328857421875],0.8074867129325867,KH05ZZK,0.5579675802728187
209,9.0,[884.5632563095878 1435.166537873974 1540.7466047428957 1971.8646326530188],[1095.2052001953125 1774.461181640625 1270.728271484375 1833.6324462890625],0.9325785040855408,KH05ZZK,0.23736514293734548
211,9.0,[880.3007572954253 1442.9704418176182 1540.0913001318995 1984.5174658146518],[1094.52587890625 1788.826171875 1263.794921875 1845.00634765625],0.9444289803504944,KH05ZZK,0.1852358063841739
212,3.0,[2104.378582539138 1609.8517712844282 2878.762851276979 2167.4675901793885],[2407.486083984375 2031.01953125 2612.462158203125 2093.40771484375],0.5300459861755371,AP05JEO,0.3418708869376852
213,9.0,[866.5595375240578 1456.3202915719444 1521.8000881597686 2001.281485570756],[1081.2755126953125 1804.6357421875 1254.877685546875 1862.823486328125],0.9316038489341736,KH05ZZK,0.5439589393916076
214,3.0,[2106.0116544328553 1626.1820795140004 2885.476787766191 2168.882512338089],[2409.134033203125 2046.266357421875 2635.26953125 2110.984619140625],0.34056079387664795,AP05JEO,0.31263601804137786
215,9.0,[861.3677196957159 1468.7890518511028 1517.3099799629995 2018.7138702356062],[1076.823486328125 1817.5067138671875 1247.94775390625 1873.3201904296875],0.8447400331497192,KN05ZZK,0.18656901248458688
216,9.0,[856.8412432944531 1474.0926894464903 1521.2002040136947 2027.231026500929],[1067.4385986328125 1827.393310546875 1245.931396484375 1884.768798828125],0.3347522020339966,KH05ZZK,0.33444643335192087
217,9.0,[849.0602962130288 1478.7010088356928 1516.2463136459405 2033.8188248754263],[1066.532470703125 1833.321044921875 1243.594482421875 1889.741455078125],0.9114269614219666,KH05ZZK,0.5641379249461724
217,3.0,[2111.57977238276 1649.7112037412448 2899.4317504882765 2170.625246821139],[2409.27392578125 2074.976318359375 2638.0390625 2137.18701171875],0.4218279719352722,AP05JEO,0.24951192749249573
218,9.0,[845.6307045069776 1481.4137355516648 1519.5068061496022 2040.4065283873072],[1059.903564453125 1840.49755859375 1240.4549560546875 1897.5003662109375],0.8678230047225952,KH05ZZK,0.31929008148474985
219,9.0,[839.1473835036609 1489.562016674459 1518.1123925888937 2049.2851237817],[1056.07275390625 1847.8392333984375 1239.313720703125 1907.946044921875],0.9313061833381653,KA05ZZK,0.15888114356556682
221,9.0,[830.8177498697154 1501.7036832660701 1507.8779602586005 2064.7670837990345],[1047.3582763671875 1863.06396484375 1230.1527099609375 1920.83056640625],0.8281112313270569,KM05ZZK,0.22451760133364176
222,9.0,[827.8491909029378 1509.9620549129445 1508.2445942122274 2076.0573327979932],[1045.0328369140625 1873.5517578125 1226.4189453125 1931.838623046875],0.932834267616272,KR05ZZK,0.10387499665734128
233,9.0,[769.45355672 1576.8528765200322 1458.9324781994815 2156.2976184787453],[1001.7456665039062 1956.7099609375 1192.939208984375 2017.842529296875],0.9310840964317322,KM05ZZK,0.18469341796799502
234,9.0,[766.020432495376 1583.3612248486495 1458.6532896630715 2159.5046690927975],[997.5958251953125 1966.993896484375 1190.5291748046875 2030.54833984375],0.9352053999900818,RH05ZZK,0.2095322006264981
235,9.0,[754.1137435657452 1587.7032109905156 1452.6404214225713 2160.611317411627],[997.288818359375 1971.0750732421875 1187.5037841796875 2034.9986572265625],0.9352947473526001,RR05ZZK,0.4224320047088169
238,9.0,[742.6860600461032 1606.9898862573652 1458.5966198721712 2166.3313491001363],[986.62060546875 1997.2578125 1176.4786376953125 2059.984130859375],0.9339053630828857,KH05ZZK,0.3362108198968172
239,9.0,[743.625621394709 1614.6476831191885 1464.43362739836 2167.9041213099536],[981.7264404296875 2010.214111328125 1173.058837890625 2071.375732421875],0.9284383058547974,KH05ZZK,0.31027960277839123
246,9.0,[697.3045194498384 1667.6455423693365 1453.427245886228 2167.369030758333],[951.6622314453125 2077.570556640625 1149.88330078125 2141.623291015625],0.9023658633232117,KH05ZZK,0.20551896376905324
249,48.0,[2255.2596583348673 1454.194956245063 2910.1294300836157 1975.1717145366708],[2502.75439453125 1807.97119140625 2675.888427734375 1865.9593505859375],0.9257138967514038,ON02IFK,0.06191300577813411
278,51.0,[2342.0247606193852 1216.0333417690345 2959.243617565563 1735.2766830506257],[2570.59130859375 1542.78564453125 2713.211669921875 1593.6785888671875],0.6209678053855896,ET61NBG,0.45961081134334186
279,51.0,[2343.936922624267 1219.2422640218606 2963.7528330562054 1740.8772687823862],[2578.8505859375 1546.795166015625 2717.367431640625 1600.7830810546875],0.26054248213768005,EY61NBG,0.5148048802950407
280,51.0,[2342.8136130684356 1222.3222225344803 2965.292963406145 1746.8606959642634],[2576.03564453125 1547.532470703125 2717.35205078125 1602.17041015625],0.3372802734375,EY61NBG,0.6034440884776267
281,51.0,[2344.8916302597845 1225.7102598185165 2970.2641227994345 1752.718820840225],[2576.965087890625 1556.288330078125 2717.353515625 1606.6527099609375],0.41341617703437805,EY61NBG,0.6134722132385321
282,51.0,[2345.8369551006085 1231.9806394119291 2972.8884459017268 1760.1969985528776],[2575.099609375 1562.7572021484375 2719.713134765625 1613.607666015625],0.802966296672821,EY61NBG,0.49970779330978377
283,51.0,[2345.8728953060045 1236.257686739116 2974.444069367789 1764.80503767398],[2575.352294921875 1569.21142578125 2722.1513671875 1616.9951171875],0.8814271092414856,EY61NBG,0.5165327021553482
284,82.0,[845.5239125661108 1555.885311095425 1545.4906540999862 2150.2386789302323],[1094.9600830078125 1968.2720947265625 1280.5052490234375 2028.25244140625],0.4147930443286896,FJ14ZHY,0.7642298653315212
285,82.0,[841.4475830649883 1560.8589347066863 1543.816652043083 2154.2370325275424],[1094.707275390625 1978.6527099609375 1273.28076171875 2039.9747314453125],0.48604506254196167,FJ14ZHY,0.4734304611601005
287,51.0,[2350.95945814239 1252.9965514838577 2983.3927476341278 1783.917470273821],[2584.76025390625 1589.659423828125 2730.5693359375 1639.261474609375],0.6664069890975952,EY61MBG,0.5375632667567827
288,51.0,[2352.0075111316423 1257.496497174861 2985.8773685760657 1789.2506141549725],[2590.4619140625 1596.0164794921875 2731.02880859375 1648.3494873046875],0.8581502437591553,EY61NBG,0.7093557743440138
289,51.0,[2351.9352673435997 1261.2251386754883 2986.917755490792 1794.2689771186401],[2586.495849609375 1597.0491943359375 2731.7705078125 1650.095947265625],0.8600426316261292,EY61MBG,0.5360156961525187
289,82.0,[817.4374703203018 1585.7626373414764 1537.2320397607034 2162.9878879277007],[1078.6597900390625 2013.795166015625 1267.39697265625 2069.508544921875],0.3329751491546631,FJ16ZHY,0.5114233819832276
290,51.0,[2352.1488787328362 1265.651643047636 2988.051397145011 1799.9836102915317],[2586.298095703125 1603.125732421875 2734.91259765625 1654.198486328125],0.8392196297645569,EY61NBG,0.5909585962302487
291,51.0,[2352.7572694734636 1270.5275604654476 2989.8268407480164 1806.395660677585],[2587.37255859375 1608.45166015625 2735.439208984375 1660.538818359375],0.8836957216262817,EY61NBG,0.6631714351141468
292,51.0,[2353.5251777661524 1273.3524012350208 2991.61664283779 1810.5745689958635],[2590.919677734375 1614.94970703125 2738.897216796875 1666.563232421875],0.8974443674087524,EY61NBG,0.3777579635394672
293,51.0,[2354.120208426024 1278.1344775686823 2992.413297924768 1817.0742767314684],[2593.956787109375 1623.81591796875 2739.50634765625 1672.43603515625],0.8167487978935242,EY61NBG,0.29636683674632025
293,82.0,[802.2806857477469 1606.3547606421248 1537.8312615626103 2163.5796990630342],[1072.9376220703125 2049.392333984375 1250.3443603515625 2105.93408203125],0.8014816045761108,FJ16ZHY,0.354269015291568
295,51.0,[2357.034678109188 1284.36140799767 2998.213208107614 1826.7630409094104],[2600.03515625 1634.35400390625 2746.50634765625 1682.156005859375],0.3468618392944336,EY61NBG,0.526241348200219
296,51.0,[2358.629540844693 1290.2434635055777 3001.2021652143685 1836.2218465475537],[2603.6728515625 1638.894287109375 2750.033447265625 1689.884765625],0.8063371181488037,EY61NBG,0.408108417897853
296,82.0,[787.5876215172216 1632.4346801638899 1526.3372931697268 2167.885261433865],[1053.982666015625 2073.010498046875 1240.1400146484375 2134.2158203125],0.3405779004096985,FJ14ZHY,0.27121655024005153
297,51.0,[2361.148917921681 1295.5453716696657 3005.3748054957227 1842.368138978184],[2601.141845703125 1643.95068359375 2752.39501953125 1698.662109375],0.591975212097168,EY61NBG,0.28338942217431345
297,82.0,[783.4216141158248 1641.900168829426 1526.8287797634353 2169.7886824444167],[1049.326171875 2087.62158203125 1238.76806640625 2147.0439453125],0.41937294602394104,FJ14ZHY,0.8333264707945307
298,51.0,[2362.4899698249837 1298.1697823248437 3008.290790117014 1846.3563731577224],[2607.6220703125 1647.9920654296875 2755.16064453125 1702.755615234375],0.5697808861732483,EY61NBG,0.20779008014703912
298,82.0,[779.6435221635479 1647.6866082861447 1528.9889571659905 2169.726453741032],[1047.874755859375 2093.5361328125 1237.4375 2151.98779296875],0.5388438701629639,FJ14ZHY,0.26256245760424013
299,51.0,[2365.0482059264527 1303.586552041531 3014.488647224593 1854.6875486993722],[2607.12255859375 1655.8311767578125 2757.3408203125 1707.3995361328125],0.3332303464412689,EY61NBG,0.5074329905052585
300,51.0,[2367.0773995461795 1310.66138379751 3020.4400334827224 1864.2342910622256],[2606.166748046875 1665.1806640625 2759.469970703125 1715.767333984375],0.43678978085517883,EY61NBG,0.36189900816124115
301,51.0,[2367.310996008998 1314.2997603306649 3023.059827713075 1870.817465363415],[2616.722900390625 1673.974853515625 2761.02001953125 1720.0858154296875],0.3045024871826172,EY61NBG,0.28818745092279846
303,51.0,[2370.8229790249356 1321.996433916065 3034.804996228668 1886.2582423415604],[2605.587646484375 1683.4912109375 2765.66796875 1734.9957275390625],0.8791415095329285,EY61NBC,0.45836469196448837
304,51.0,[2371.1897374713626 1325.338929959691 3038.4760370603562 1892.5853949671882],[2608.36181640625 1686.9964599609375 2766.853515625 1739.27685546875],0.45764464139938354,EY61NBG,0.578493414564541
305,51.0,[2371.348343240608 1332.0308671985229 3040.269334753629 1897.948925928524],[2618.28857421875 1692.64306640625 2769.36572265625 1748.1904296875],0.8569075465202332,EY61NBG,0.4035596236378493
306,51.0,[2372.203495247691 1339.9759116651153 3042.88560378948 1906.216585297701],[2616.321533203125 1700.3251953125 2775.3818359375 1754.91796875],0.9076011776924133,EY61NBG,0.28996643463229566
307,51.0,[2373.435997468492 1344.118571767159 3046.105051457551 1910.842556479464],[2616.000732421875 1705.7918701171875 2774.677734375 1758.771484375],0.9262464046478271,EY61NBG,0.5895934480389156
308,51.0,[2372.9324176855202 1350.371157273892 3046.692067790616 1918.482352131639],[2621.12646484375 1713.478515625 2775.8173828125 1766.9498291015625],0.9268969297409058,EV61MBG,0.21294838822662354
311,51.0,[2375.3843953553237 1370.833915204209 3052.5727556321385 1949.680463351258],[2628.010986328125 1732.4267578125 2782.493896484375 1786.419189453125],0.9009385108947754,EY61NBG,0.35832229859005804
312,51.0,[2375.752734427765 1377.6601957181065 3053.660254983575 1959.7915896659047],[2629.4697265625 1741.2923583984375 2784.44189453125 1796.09912109375],0.9181573987007141,EY61NBG,0.6836572511410272
314,51.0,[2377.382687494891 1387.7637775893174 3058.5611016122557 1975.0270660743893],[2631.605224609375 1751.598388671875 2792.1416015625 1806.9898681640625],0.9236692190170288,EY61NBG,0.45909171051479053
315,51.0,[2379.04286895132 1394.1670093199464 3062.0077855890468 1984.2067985935505],[2639.3076171875 1761.1878662109375 2789.568359375 1816.281005859375],0.9299739599227905,EY61NBG,0.7961221103397512
316,51.0,[2380.6762733435044 1397.819279573575 3066.5713812162167 1989.6419529737486],[2636.16357421875 1768.143310546875 2796.088134765625 1818.800048828125],0.9305755496025085,EY61NBG,0.7762875524934403
317,51.0,[2381.9677132679817 1402.1366091816376 3070.8691209759763 1996.7443542256428],[2634.8134765625 1775.843017578125 2798.52490234375 1826.17529296875],0.3395826816558838,EY61NBG,0.6216327740313137
318,51.0,[2382.632952388767 1407.6344463800347 3074.7477341770746 2005.2284334424207],[2639.904296875 1781.7454833984375 2802.59716796875 1835.58740234375],0.9188339114189148,EY61NBG,0.6013609545691334
319,51.0,[2382.394988853922 1411.4238801067504 3077.841211485471 2011.7597587768614],[2638.24560546875 1784.2470703125 2802.257568359375 1842.7730712890625],0.918434739112854,EY61NBG,0.8052470661959014
320,51.0,[2383.893465494686 1416.2759016487712 3081.361955321857 2019.3736432508254],[2645.21142578125 1794.017333984375 2806.5283203125 1848.5321044921875],0.9013341665267944,EY61NBG,0.5114471326537433
321,51.0,[2385.177492605986 1424.578568977408 3084.5060228598195 2029.896063227738],[2645.0439453125 1801.17578125 2809.7314453125 1857.2969970703125],0.6586655378341675,EY61NBG,0.701900698326966
322,51.0,[2386.618077572895 1430.9392312161376 3086.5975803292245 2037.3527397936014],[2646.13671875 1810.266357421875 2811.818359375 1862.735595703125],0.9318588376045227,EY61NBG,0.2907445905447695
323,51.0,[2389.0060992474973 1437.550484075225 3090.269676434292 2044.3868436629418],[2655.2353515625 1818.9539794921875 2817.72802734375 1868.6099853515625],0.3924231231212616,EY61NBG,0.34742261244498807
324,51.0,[2390.3397722749874 1443.3110940324125 3091.420171534191 2051.986968795464],[2650.410400390625 1826.09326171875 2817.86328125 1880.1082763671875],0.9262195825576782,EY61NBG,0.5866572710126224
325,51.0,[2392.4425734471142 1448.1418101781385 3094.7691105437716 2058.118923920054],[2655.166015625 1829.8106689453125 2821.052490234375 1885.066650390625],0.9000200629234314,EY61NBG,0.5274176139407831
326,51.0,[2394.204987385622 1455.0619647242652 3096.915078648477 2066.495755078732],[2661.0927734375 1837.09326171875 2824.765625 1894.291259765625],0.9090868234634399,EY61MBG,0.48344352794744844
327,51.0,[2397.6265008136984 1463.0512675267128 3104.2363468946282 2077.351978940204],[2657.66552734375 1848.509033203125 2827.15478515625 1903.78076171875],0.9255579113960266,EY61NBC,0.5567983965512487
328,51.0,[2397.3025559583057 1467.9253746120246 3108.1438982917452 2085.9993355700253],[2659.434326171875 1851.357666015625 2826.80810546875 1907.54443359375],0.9301116466522217,EY61NBG,0.5539660759205253
330,51.0,[2403.155394621255 1483.719100082485 3121.0970520334317 2107.8416902986874],[2664.19287109375 1872.48974609375 2835.3115234375 1924.427978515625],0.8313518762588501,EY61NBG,0.16542787158292477
331,51.0,[2402.825143480632 1488.1587733645447 3124.9438500783403 2114.9100126933845],[2666.00244140625 1874.39013671875 2837.04443359375 1930.793701171875],0.915375292301178,EY61NBC,0.2888020109433914
333,51.0,[2404.5447655077774 1500.3542524490633 3133.8038800500894 2131.8543141048694],[2676.173095703125 1889.904296875 2846.4599609375 1951.8642578125],0.9098904132843018,EY61NBG,0.47742076113239656
334,51.0,[2405.4311812010164 1504.416560088715 3136.5491579209574 2138.329367764749],[2675.26513671875 1896.328857421875 2846.2109375 1956.612548828125],0.9206074476242065,EY61NBG,0.48809101292616236
335,51.0,[2407.6084661960313 1509.6015870831393 3140.289339715814 2145.204103975329],[2686.38916015625 1911.5343017578125 2849.81494140625 1964.3814697265625],0.8969154357910156,EY61MBG,0.4882614989947895
336,51.0,[2408.8289395390757 1517.1144349079605 3144.3061652125716 2152.0895796486043],[2682.6630859375 1918.9793701171875 2853.9736328125 1972.214599609375],0.7801811695098877,EY61NBG,0.6531411813553073
337,51.0,[2410.8962479545025 1521.7944081374687 3149.4657581427173 2153.8054227979806],[2682.215087890625 1922.796630859375 2855.64453125 1979.4208984375],0.9018580317497253,EY61MBG,0.7124453815019383
338,51.0,[2411.2423207846937 1528.6362243147678 3152.8063361141326 2158.3523874566226],[2687.2197265625 1930.79296875 2858.236328125 1991.843994140625],0.8933281898498535,EY61NBG,0.5932932534306409
339,51.0,[2412.1276437023876 1534.5571565455068 3157.0891125787016 2161.2955580555763],[2682.80517578125 1941.0859375 2865.489013671875 2000.4326171875],0.9204134941101074,EY61MBG,0.8150988388941349
340,51.0,[2413.1194462485805 1538.354255157829 3159.987411293879 2161.520358140471],[2684.3876953125 1945.9365234375 2867.064697265625 2005.875732421875],0.9248028993606567,EY61NBG,0.7102962294200856
341,51.0,[2413.904098025229 1543.8348511888516 3163.293501573841 2162.7288765835137],[2691.611328125 1960.158935546875 2871.03173828125 2012.909423828125],0.9131909608840942,EY61NBG,0.7072846083467869
342,51.0,[2415.1384026450532 1551.781544059269 3167.8769452052275 2164.925400975633],[2697.0732421875 1968.089111328125 2873.816162109375 2024.87158203125],0.9068337678909302,EY61NBG,0.5609927461494708
343,51.0,[2419.081643010388 1557.1552084133546 3174.087117854381 2163.1401460301336],[2698.59130859375 1970.692138671875 2873.535400390625 2031.4478759765625],0.9091305136680603,EY61NBG,0.5013583922559883
344,51.0,[2422.5555965457447 1563.659905656365 3179.6190123474075 2160.929125332514],[2704.056396484375 1981.8671875 2877.609130859375 2039.850341796875],0.9128531217575073,EY61MBG,0.40808423458400567
345,51.0,[2425.075707307117 1570.6395950396313 3184.3921405840974 2160.766340598822],[2705.837158203125 1991.9293212890625 2881.078857421875 2050.83154296875],0.9237827658653259,EY61NBG,0.35198472924109414
346,51.0,[2425.6016959724457 1576.0840671404812 3187.5553596241025 2160.011952563568],[2711.00927734375 1998.835205078125 2884.0078125 2057.72705078125],0.9319196939468384,EY61NBC,0.8507136617625416
348,51.0,[2430.0967885483924 1590.400077536305 3196.853463335684 2161.419688973455],[2711.799072265625 2019.2208251953125 2893.23291015625 2081.776123046875],0.9017548561096191,EY61NBG,0.4095214540077793
349,51.0,[2430.593043696178 1595.1674652797578 3201.4253504530125 2161.174829992949],[2717.603271484375 2022.237548828125 2894.74462890625 2085.8037109375],0.8545542359352112,EY61NBG,0.6327096380454045
350,51.0,[2430.1313624460386 1600.2822516179606 3205.2675400408693 2160.737279619921],[2716.84375 2037.0062255859375 2900.2275390625 2096.281494140625],0.914916455745697,EY61NBG,0.8626374257608701
351,51.0,[2432.7710794465793 1609.7671909959167 3210.799929649056 2162.2422465883155],[2724.900390625 2047.77685546875 2902.08935546875 2106.91455078125],0.7059956789016724,EY61NBG,0.479914670914058
353,51.0,[2437.8007647546283 1622.3611952207013 3220.359078868797 2160.931075036702],[2723.000244140625 2065.0341796875 2912.63134765625 2125.95068359375],0.7263008952140808,EV61MBG,0.3889609403966788
354,51.0,[2440.8695091254476 1631.1940322859787 3224.974801608968 2162.427558671916],[2729.904541015625 2076.223388671875 2914.36865234375 2139.1220703125],0.5936405658721924,EY61NBG,0.4690749997154373
355,51.0,[2437.183727363328 1638.19442446831 3225.9720708851282 2163.0090352136817],[2727.20849609375 2084.0029296875 2919.54248046875 2147.212890625],0.9247419834136963,EY61NBG,0.5725007277394099
356,51.0,[2417.086522057144 1646.7088886162896 3222.152805183594 2165.276645607425],[2730.323486328125 2095.884765625 2918.833984375 2156.155517578125],0.37253376841545105,EY61NBG,0.5348516007496835
386,181.0,[783.2878760145934 1498.4446646054698 1493.4675540736405 2084.2299193029685],[1046.96240234375 1895.9176025390625 1206.6597900390625 1951.0513916015625],0.6413276791572571,AV08HVF,0.551628544305234
389,181.0,[768.564827191316 1515.1556599779376 1486.3953592709163 2107.536495491201],[1031.6396484375 1917.213134765625 1206.218017578125 1973.844482421875],0.3241115212440491,AV08HVF,0.33491157647073166
395,151.0,[2275.174591502926 876.9199216633401 3025.7611206047077 1724.8011559660772],[2577.694091796875 1555.336181640625 2724.92578125 1608.822509765625],0.3526065945625305,BC65USJ,0.7339977272919078
398,181.0,[718.0796529757216 1562.8855283227172 1457.8112561338412 2165.376717363535],[994.69384765625 1988.5283203125 1154.3160400390625 2045.456787109375],0.37234246730804443,AV08HVF,0.36481887913006605
402,151.0,[2285.508235836047 889.9322309026998 3047.1822549582694 1786.847694765192],[2581.32080078125 1590.548095703125 2733.103515625 1646.605224609375],0.5732103586196899,OC65VSJ,0.2607045791102663
403,151.0,[2288.1490952575664 892.3970937684918 3049.8535311726087 1795.2281033833278],[2580.95361328125 1596.9473876953125 2731.09912109375 1650.525146484375],0.5602893233299255,EC65WSJ,0.18793922209274264
406,84.0,[2215.6369663627524 1672.8387868182003 3004.568865245779 2164.892922199886],[2533.95361328125 2103.16943359375 2706.546875 2159.797607421875],0.3096710443496704,HN14CDY,0.27533258840438146
410,261.0,[2284.547032266973 913.9995466498051 3059.7491970096257 1830.5660286355817],[2586.5947265625 1632.90283203125 2746.404296875 1685.65185546875],0.35936060547828674,BG65USJ,0.4106023276448055
411,261.0,[2290.9119318499957 918.7620038731884 3068.310158876802 1841.8294721110728],[2588.94287109375 1639.577880859375 2746.842529296875 1692.818359375],0.5270698666572571,BG65USJ,0.5201733881581627
412,261.0,[2292.583775426793 921.4101348237384 3069.0507486682063 1847.2578381873857],[2590.46923828125 1645.134765625 2748.046630859375 1696.554443359375],0.7539841532707214,BG65USJ,0.5986384626601798
413,261.0,[2288.618094211004 921.7881268104679 3066.279745447764 1848.7748714356376],[2594.75439453125 1651.66259765625 2748.11962890625 1701.518798828125],0.6902050971984863,BG65USJ,0.25804278213518106
415,261.0,[2285.7286144208715 924.9443897834692 3073.627121144326 1861.3186990098636],[2591.32958984375 1661.298828125 2750.30029296875 1715.0811767578125],0.4829118251800537,BG65USJ,0.49029173051484615
416,261.0,[2289.9077567892055 929.0406174159344 3078.9395412860486 1869.500778875758],[2592.314697265625 1670.898193359375 2749.6181640625 1722.32275390625],0.8449627757072449,BC65USJ,0.3259284672323825
417,261.0,[2293.9042594910356 930.6468970096503 3083.2370225839572 1875.0882567822387],[2598.913818359375 1677.234619140625 2750.8310546875 1728.0758056640625],0.6159815788269043,BG65USJ,0.33476596573824013
418,261.0,[2297.584214712606 933.8383107740686 3084.3495898397305 1880.6177139024799],[2594.407470703125 1681.766357421875 2755.1953125 1730.991943359375],0.6734933257102966,DG65USJ,0.3948156379388489
420,261.0,[2302.598102993219 946.6337667115553 3089.410932845308 1906.2619167765033],[2597.818115234375 1695.1644287109375 2752.4091796875 1747.0986328125],0.9109585285186768,BG65USJ,0.3244816768521694
421,261.0,[2304.130560550241 947.9516812501622 3090.9158510578955 1912.5877059903135],[2598.90234375 1701.139892578125 2754.82275390625 1749.451904296875],0.7429682612419128,BG65USJ,0.6162160987678347
431,261.0,[2311.2030912162536 979.0471966164366 3108.0355262541507 1979.3289957670434],[2607.427734375 1768.275634765625 2767.90625 1816.016357421875],0.9134859442710876,BG65USJ,0.5183555539847537
433,261.0,[2313.901810834839 973.889167256936 3112.1446102366453 1950.352246327895],[2605.91357421875 1779.328857421875 2770.75244140625 1827.934326171875],0.7459290027618408,BG65USJ,0.9051946851437005
435,261.0,[2313.9713079841176 984.1777209492514 3114.8431951454822 1953.8111635372672],[2604.33447265625 1795.973388671875 2768.151611328125 1843.322265625],0.8780893683433533,IG65USJ,0.47404860195807436
437,261.0,[2314.5823922656136 1006.788847391116 3122.46111254309 1989.4021372806048],[2612.61328125 1808.9476318359375 2771.0478515625 1858.33349609375],0.9133226275444031,BC65USJ,0.46738097797313505
438,261.0,[2313.2234410214664 1018.5894242820578 3123.7119395151035 2006.5744752389778],[2606.95703125 1816.012451171875 2770.37158203125 1865.952880859375],0.9070534110069275,BC65USJ,0.41894374061242423
439,261.0,[2311.7226561510024 1023.8243701750413 3125.3443056323376 2019.5711892612326],[2609.1865234375 1822.067626953125 2772.845458984375 1870.79150390625],0.48090147972106934,BC65USJ,0.2508702457851778
441,261.0,[2309.7569119762184 1031.3026609766496 3130.5845499649804 2040.8072980628651],[2605.38720703125 1837.87109375 2774.196533203125 1890.64453125],0.9116219878196716,BC65USJ,0.6327915130852241
442,261.0,[2307.7710022589054 1031.8914061645226 3132.0480603457518 2047.9540504989448],[2605.089599609375 1842.787841796875 2773.92333984375 1893.36572265625],0.8761228322982788,BG65USJ,0.22000722401767397
443,261.0,[2309.16550437401 1036.4577098516484 3136.5556002342773 2054.460767766814],[2609.20556640625 1847.622314453125 2776.793701171875 1903.29638671875],0.9001360535621643,BG65USJ,0.8488549784854956
444,261.0,[2309.7017447238727 1042.9047679498558 3140.0167441015406 2063.5176222320897],[2610.107666015625 1857.953369140625 2776.33203125 1912.13427734375],0.9013874530792236,BG65USJ,0.6796128653446625
445,261.0,[2309.2139987966098 1042.2685527823155 3141.590810718542 2062.9313903134503],[2607.080810546875 1863.6522216796875 2775.806884765625 1915.251220703125],0.9195515513420105,BG65USJ,0.659098861895097
446,261.0,[2304.9800908501525 1047.7738704789676 3141.715730627255 2069.7593570154627],[2608.75537109375 1873.940185546875 2777.369140625 1928.447265625],0.8195257186889648,BG65USJ,0.9410941225874183
448,275.0,[2298.519099107897 1056.5072164653932 3144.798830939526 2075.858263460645],[2607.448486328125 1886.716064453125 2776.9345703125 1939.768798828125],0.9059719443321228,BG65USJ,0.6902341629318474
449,275.0,[2301.3661829293846 1062.7826936783129 3144.9514982491605 2073.2829049043075],[2608.453857421875 1895.9490966796875 2778.736083984375 1949.802490234375],0.9128323793411255,BG65UST,0.3410862041091306
450,275.0,[2301.2788661611767 1068.5851073396148 3148.052890466518 2075.245086569547],[2610.43603515625 1905.6031494140625 2780.527099609375 1958.6474609375],0.9295745491981506,BC65USJ,0.33888625948272255
451,275.0,[2301.1575918332387 1072.0415524159998 3148.6618342607585 2075.4298265145517],[2609.53955078125 1910.922607421875 2781.625 1963.2813720703125],0.9278823733329773,BG65USS,0.21865461687853616
452,275.0,[2300.7197454605275 1075.1076929041067 3148.423983414238 2075.2228919835534],[2608.797607421875 1921.023681640625 2786.15380859375 1975.591796875],0.9020793437957764,BG65USJ,0.5487080551005727
453,275.0,[2299.9089309548763 1082.6857283149466 3149.88310875352 2085.05737008039],[2608.34423828125 1928.9058837890625 2782.7451171875 1983.396240234375],0.9131669402122498,BG65USJ,0.38765676490605644
455,275.0,[2298.4059440720453 1094.8090208231235 3154.3200774767315 2107.235813039702],[2610.20654296875 1944.299072265625 2786.27978515625 1998.207763671875],0.9245115518569946,BG65USJ,0.4235558325639548
456,275.0,[2296.1802195632345 1100.2134606419395 3158.4005638457174 2114.6209795297855],[2611.362548828125 1952.243408203125 2784.116943359375 2006.506591796875],0.9307088255882263,BG65USJ,0.8605138078400432
457,275.0,[2293.3507671244583 1100.956417859975 3159.725549322791 2115.5621154661467],[2610.240234375 1957.571533203125 2789.4091796875 2012.02978515625],0.9340879917144775,BG65USJ,0.8072299233613359
458,275.0,[2290.3268229589103 1105.944767281245 3161.527874515091 2121.1816233488116],[2609.277099609375 1968.19189453125 2794.183349609375 2022.738037109375],0.9157500863075256,BG65USJ,0.6364294858643513
461,261.0,[2286.754575729037 1120.3724138370671 3172.0784369403677 2137.0351640942245],[2610.148681640625 1991.700439453125 2792.630126953125 2048.761474609375],0.9283052086830139,BG65USJ,0.8592096825784821
462,261.0,[2281.0168663285485 1126.1332786638832 3173.847887825711 2142.0945097669464],[2613.78125 2000.49462890625 2793.30419921875 2057.3828125],0.935970664024353,BC65USJ,0.7230106035158967
465,283.0,[2242.295213503721 1136.1289510716908 3176.1353342323778 2149.662674133252],[2612.287109375 2027.16943359375 2796.370849609375 2085.1484375],0.935261070728302,BG65USJ,0.678284175642824
467,283.0,[2237.993355861487 1143.7617238061507 3183.114750010003 2152.4056660100405],[2616.046630859375 2041.585205078125 2797.4697265625 2100.12158203125],0.9278874397277832,BG65USJ,0.7610031423300451
467,172.0,[1115.6401329517566 1090.6277252342047 1673.4858682761187 1590.7636837949954],[1316.518310546875 1407.6029052734375 1449.9481201171875 1461.17529296875],0.32225537300109863,AK64OMY,0.16690279232643593
473,287.0,[2222.3674369229298 1181.101175474696 3195.0566754609977 2155.268413852706],[2622.273681640625 2097.5302734375 2808.3408203125 2154.926513671875],0.923811674118042,BG65USJ,0.6771424754428698
478,172.0,[1085.4988543879874 1117.725531260427 1656.416545027583 1629.3763610297997],[1289.278564453125 1445.974853515625 1433.3236083984375 1497.870849609375],0.31562361121177673,AK64DMV,0.7906492600616635
479,172.0,[1084.064698350861 1122.4922971681144 1656.4248459411679 1634.8863230253955],[1281.319580078125 1445.2430419921875 1434.40576171875 1503.608154296875],0.7446784973144531,AK64DMV,0.6861444653677548
480,172.0,[1081.0030157763654 1128.2378729915217 1656.090747349691 1640.6692715272234],[1283.1134033203125 1451.028564453125 1431.452392578125 1506.596435546875],0.8452524542808533,AK64DMV,0.695125104013018
481,172.0,[1077.1049513779121 1131.2910808540796 1656.391790146562 1643.75749190935],[1278.594970703125 1451.4832763671875 1428.411376953125 1508.2587890625],0.4502998888492584,AK64DMV,0.49838758822868184
482,172.0,[1075.4874638852223 1138.2756154995175 1657.0439563079015 1649.5077666276186],[1278.6456298828125 1457.332763671875 1426.8712158203125 1510.122802734375],0.846520185470581,AK64DMV,0.4016773911781543
483,172.0,[1073.6909758581548 1141.8702900781486 1657.3060228973907 1652.534355443181],[1277.369873046875 1459.74560546875 1423.197265625 1515.048828125],0.2641136348247528,AK64DMV,0.2877287678643508
484,172.0,[1069.8658674178587 1147.0940537219544 1655.786018285397 1655.678094547287],[1275.38916015625 1461.422119140625 1422.5557861328125 1516.9163818359375],0.2870849668979645,AN64DMV,0.6163408613902853
486,172.0,[1064.5480046781452 1156.6445055275608 1653.0853196811738 1663.9493752110725],[1272.81103515625 1471.838134765625 1417.8798828125 1526.535888671875],0.6690439581871033,AK64DMV,0.6288241679950066
487,172.0,[1062.7907220633074 1160.924572606827 1650.3765765851495 1667.720099777132],[1273.3837890625 1472.9022216796875 1415.7060546875 1527.9371337890625],0.27045077085494995,AK64DMV,0.4789385720547887
491,172.0,[1049.4299067733489 1175.5041568412073 1644.7812893139014 1681.2004002016604],[1253.673095703125 1486.7318115234375 1411.89306640625 1541.852294921875],0.8094659447669983,AK64DRV,0.22486589132597246
493,172.0,[1047.0833965685358 1178.8934472649364 1641.8229968119006 1687.690197229021],[1254.833740234375 1494.0758056640625 1408.690673828125 1547.79150390625],0.9219027757644653,AK64OMV,0.5482082239994288
494,172.0,[1045.382555232738 1181.2177333571153 1639.3800634823688 1691.6978033954888],[1251.2557373046875 1496.026123046875 1405.9197998046875 1554.17041015625],0.9163501262664795,AN64DMV,0.769512785606361
495,172.0,[1042.9032188181247 1179.5062432303555 1636.847456873593 1693.7032293394611],[1249.1502685546875 1501.73974609375 1398.90966796875 1555.19287109375],0.9168907999992371,AK64DMV,0.8459660064548834
496,172.0,[1039.8386376320043 1176.3798663965986 1633.0640561217594 1695.0928036770206],[1250.906494140625 1503.287109375 1395.35107421875 1556.075439453125],0.9030172824859619,AK64DMV,0.3112547035396837
497,172.0,[1037.0837245558216 1177.747467223432 1632.1184630653554 1699.0435056400302],[1244.47998046875 1505.3349609375 1398.8377685546875 1561.8585205078125],0.9134962558746338,AK64DMV,0.5385406424904147
